{
  "RQ1": {
    "samples_per_query": 10,
    "nets": 10,
    "table": {
      "min_degree": {
        "0": 0.11654276848,
        "1": 0.0842293290200002,
        "2": 0.08247135434000004,
        "3": 0.09476641992000019,
        "4": 0.1043594462600003,
        "5": 0.08260703948000021,
        "6": 0.08414723417999995,
        "7": 0.07724248147999958,
        "8": 0.07494279228000082,
        "9": 0.07793107136000003
      },
      "min_fill": {
        "0": 0.08097847529999996,
        "1": 0.09054278008000011,
        "2": 0.08083735414000018,
        "3": 0.07387735295999931,
        "4": 0.0835404951800001,
        "5": 0.07946698757999968,
        "6": 0.07270036102000006,
        "7": 0.0739257915199994,
        "8": 0.09528433397999919,
        "9": 0.0675558064200004
      }
    }
  }
}