{
  "RQ2": {
    "samples_per_query": 10,
    "nets": 10,
    "ordering_method": "min_fill",
    "table": {
      "pruned_True": {
        "0": 0.07179743013999981,
        "1": 0.04629658151999983,
        "2": 0.05186400565999985,
        "3": 0.06844419064000014,
        "4": 0.05921461256000015,
        "5": 0.04091329971999997,
        "6": 0.03799494985999985,
        "7": 0.03812004914000042,
        "8": 0.054020519279999915,
        "9": 0.05974062012000033
      },
      "pruned_False": {
        "0": 0.1500826637599991,
        "1": 0.12257478880000065,
        "2": 0.14725986578000033,
        "3": 0.18013754052000167,
        "4": 0.20149278530000117,
        "5": 0.15890138239999999,
        "6": 0.19060279321999957,
        "7": 0.1410584536199991,
        "8": 0.14713197011999823,
        "9": 0.11865418733999888
      }
    }
  }
}